,toxic
2839,0
4142,0
5263,1
4453,0
818,0
225,1
16,1
186,0
913,1
3104,0
4505,0
2459,1
4031,1
2151,0
2847,1
1464,1
4885,0
4809,0
3537,1
6,1
847,0
2941,0
3809,0
889,0
388,0
3879,1
2763,1
4070,1
4254,0
2522,1
3909,0
3865,1
1424,0
5056,0
4533,1
4547,0
2591,1
4490,1
3878,1
419,1
3036,0
2273,0
779,0
2353,1
4513,1
3000,0
455,0
2403,0
1012,0
3294,1
3633,1
3122,1
1453,1
924,1
3168,0
1482,1
4250,1
1854,0
4349,1
3897,1
2429,1
1341,1
2394,1
3867,0
746,0
4477,0
700,0
116,1
4891,0
5043,1
2969,0
4432,1
200,1
3331,1
4040,1
1628,0
75,1
4212,0
1004,0
4548,0
3968,0
1616,0
1401,0
3957,0
3962,1
3399,1
2198,1
3634,0
879,1
2328,1
5145,0
3738,0
5244,0
4886,0
88,0
2846,1
4019,0
4551,1
2048,1
1248,0
258,1
2129,1
92,1
518,0
4072,0
890,0
3973,1
4861,1
5000,1
420,1
5136,1
1392,1
2264,1
2368,1
1354,1
1589,1
4895,0
166,1
4182,0
2576,1
1015,1
2202,1
617,0
813,0
3641,0
1689,0
3184,1
856,1
1257,1
1762,1
1602,1
1448,1
1738,1
4698,0
833,1
3006,1
2,0
3601,1
2788,0
4913,1
3107,1
82,1
1823,0
3546,1
919,1
2844,0
505,1
3545,1
1331,0
293,1
4761,1
1243,1
2994,1
397,0
1833,1
2871,1
3009,0
1417,1
1512,0
696,0
2713,0
1751,1
5189,0
3577,0
191,0
2532,0
4284,0
2947,0
1338,1
238,1
3964,1
3645,1
4129,0
1511,1
3620,1
4324,1
2492,1
3907,0
1850,1
4225,1
1436,0
3019,0
418,1
320,1
3801,0
1788,1
4905,1
1624,1
3800,0
368,1
3931,1
20,1
2512,1
2942,0
3813,0
4918,0
3963,1
4347,0
4146,0
1064,1
3306,0
193,0
1553,1
332,0
2251,1
3401,0
848,1
739,0
1024,1
1929,1
4293,0
3814,0
694,0
2798,0
5157,1
2984,1
3673,1
133,1
613,1
4933,0
287,1
682,1
1551,1
2133,0
3053,1
1265,1
5089,0
3970,0
4624,1
1600,1
4923,0
1060,0
2567,1
48,1
2476,0
1781,1
2740,0
702,1
170,1
2267,1
3890,1
5047,0
3454,1
4423,0
1726,1
3195,1
4010,1
4668,1
5229,1
4738,1
1636,0
3556,1
2848,1
743,0
4794,0
869,0
928,0
5065,0
2363,1
3896,1
5116,1
1322,1
1894,0
4479,1
3625,0
564,0
2737,0
1264,1
3239,1
4863,0
5259,1
3024,1
1688,1
4537,0
1488,0
4686,1
1773,0
1966,0
2424,0
3007,1
866,0
3450,1
4936,0
2643,1
2013,0
3342,0
2781,0
1797,1
2800,1
4916,1
2865,1
2295,0
316,0
1552,0
3437,0
1440,0
3838,0
3795,1
1690,0
3236,1
4906,0
2177,0
2722,1
25,1
152,1
3100,1
4445,0
1398,1
2976,0
550,1
4674,1
5021,1
4983,0
2337,0
2996,1
4026,1
56,0
2086,0
4155,1
1537,0
3310,1
229,1
2149,0
4571,1
2349,1
1317,1
3164,0
2377,1
2298,1
3751,1
141,1
1400,0
1163,1
110,0
958,1
175,1
2928,0
34,1
542,0
492,1
4237,0
3887,1
544,1
1451,0
748,1
1101,1
206,1
19,1
5097,0
2582,0
99,0
2897,0
205,1
2692,0
1441,1
1094,0
1776,0
667,0
1943,1
2618,1
3203,1
329,0
4893,1
2348,0
2046,0
1782,1
2758,1
1571,1
1120,0
3758,1
2442,1
4500,1
875,1
109,1
1769,0
4602,0
1275,1
4443,0
4220,1
1975,1
355,0
3359,0
2451,0
2766,0
3617,0
1397,0
2784,1
967,0
1857,1
3305,0
957,1
798,1
3654,1
3637,1
2154,1
3924,1
1804,1
2595,0
2733,1
2134,1
3378,1
2163,1
1053,0
1575,1
2274,0
448,0
4568,0
607,1
4156,0
963,0
275,0
699,1
3929,0
3391,0
3433,0
5104,1
3567,1
4924,0
3789,0
4578,1
165,1
4841,0
1606,0
5222,0
1238,0
577,0
3997,0
3955,1
3421,1
4784,0
1737,0
362,1
844,1
3199,1
3904,1
2531,0
3386,0
1771,0
3496,1
1897,1
2244,1
3699,0
230,0
3448,0
5070,0
2630,1
767,1
4779,1
2906,1
4855,1
4925,0
4378,1
1923,1
306,1
3638,0
3691,1
281,0
1731,1
3967,0
3948,0
2813,0
1880,0
2168,1
3438,0
2715,1
1567,1
4280,1
3076,0
4437,1
1347,0
1483,0
1700,1
2636,1
2465,1
1519,1
2036,1
1895,1
3945,0
4496,1
4252,0
246,0
3623,1
4682,0
484,0
1403,0
1841,1
456,0
3597,0
263,1
2454,1
3872,0
3130,0
4059,1
4673,1
486,1
4440,0
3532,1
4350,0
3398,1
1541,0
3505,1
4661,0
2065,1
2062,0
4465,0
2042,1
2681,0
594,0
3781,1
3244,1
2504,0
2421,0
4247,0
3837,0
5214,1
595,1
2507,1
766,1
2339,1
1162,0
4480,0
4346,0
3849,1
1320,0
2272,0
2211,1
4326,0
1419,1
1901,0
897,1
4940,0
2697,1
3568,1
1286,1
4904,1
918,1
2047,1
4337,1
2030,1
835,0
3676,0
4303,1
3863,1
3298,1
4436,1
2096,0
1342,0
4830,0
4767,0
4806,0
3216,1
3876,1
4732,1
2811,0
1834,0
508,0
1593,0
1251,1
2372,1
3119,0
5176,1
2218,1
4769,1
709,1
3492,0
160,1
1658,0
4965,1
1046,1
5258,1
3189,1
1988,0
2094,1
4402,0
1562,1
1318,0
63,1
1605,1
5175,0
5129,0
3026,1
498,0
2147,0
1550,0
3894,1
591,1
1230,1
3666,1
1557,1
1353,0
3956,0
172,1
3626,1
2489,1
37,0
3313,0
4868,1
3817,0
2478,0
3583,1
2712,1
2144,1
385,1
4104,0
561,1
3513,1
576,1
4449,1
54,0
4197,1
4120,0
4373,0
3995,1
4744,1
3651,1
3726,0
2558,1
5156,0
1887,0
4216,1
4054,1
2736,1
3774,0
792,1
1830,1
4462,0
3675,0
4021,0
3662,0
3177,0
679,1
441,0
3811,1
2676,0
1608,0
2685,0
1150,1
2815,1
374,1
2097,0
884,1
4760,1
1373,1
2632,1
706,1
1021,1
55,0
3559,0
4741,0
5046,0
4914,1
1881,0
255,0
4603,1
1622,0
289,1
2304,0
2883,1
1330,0
610,0
4598,0
391,1
2922,0
2838,0
2212,0
3084,1
4763,0
4210,0
4232,1
454,1
3533,0
384,0
2709,1
4185,1
701,0
1957,0
4175,0
4757,0
150,0
3701,1
4209,1
1515,0
3117,0
3078,0
4879,0
2361,1
802,0
3954,0
3291,0
1183,1
3824,1
4511,1
1870,1
787,1
2371,1
2157,0
1335,0
2183,1
1613,1
4416,0
2530,1
156,1
3066,1
1918,1
4388,0
1817,0
2686,0
4306,1
3226,0
1025,1
269,1
2807,0
714,0
4574,1
3969,0
874,1
1382,1
2506,0
4774,1
2479,1
4927,0
553,0
821,1
988,1
2702,1
3067,1
4468,0
5068,1
2239,0
2661,0
3900,1
4847,0
3655,0
5077,1
3470,0
892,1
5105,1
1393,1
4820,1
1116,0
1271,1
3514,1
1591,0
4672,0
3286,0
3527,1
777,1
4172,0
366,0
3793,1
5252,0
5088,0
3850,1
2240,1
4063,1
5210,0
4020,1
872,1
5034,1
2687,0
1359,1
1583,0
5128,0
410,1
637,1
3862,0
3661,1
5180,1
4392,1
4481,0
1165,1
4278,1
309,1
1115,1
2569,1
1584,0
3665,0
375,1
480,1
578,0
2933,1
4136,1
4424,1
2666,1
4961,0
1278,0
4256,1
226,0
3153,1
177,1
3799,0
1416,0
2019,1
262,1
4332,1
4495,0
4478,0
1588,1
5107,1
573,0
1449,0
3410,1
4730,0
5248,1
1707,0
1974,0
3003,1
3039,0
2732,0
2343,0
4143,0
1006,0
1153,1
2106,1
5023,1
592,0
676,0
1411,1
1306,0
3072,0
1431,1
3594,1
4857,0
4198,1
943,0
4450,1
2688,0
3038,1
3936,1
509,0
4723,1
1549,0
3295,1
458,1
992,0
3057,1
2173,0
3782,0
4184,0
2204,1
664,0
2669,1
2973,0
2334,0
1631,1
1899,1
2288,1
4658,0
1831,1
3382,1
2638,1
713,1
1107,1
5013,1
1647,0
1390,1
3888,1
4797,1
5095,1
4263,1
132,1
4641,1
2581,1
2671,1
1640,0
5131,1
2516,0
3364,1
3174,1
1955,1
2855,0
4235,0
586,0
27,0
2037,1
2461,0
4375,1
2269,1
4369,0
2586,0
1055,0
5103,0
1997,0
3243,0
140,0
4843,0
4753,1
622,1
935,1
3737,1
3154,1
1360,1
2215,0
3059,1
3561,0
2431,1
1767,0
1459,1
4140,0
2255,0
532,0
4722,1
3462,1
1739,1
2297,1
2613,1
3808,0
4328,0
4171,1
2639,1
3352,0
3755,1
2382,1
1720,0
4147,1
163,0
5187,0
1753,1
1671,0
3012,0
1582,1
1355,1
1810,0
3214,1
4646,1
5033,1
3318,0
3327,1
1764,0
5142,1
3381,0
197,1
5112,0
151,1
3874,0
1083,0
5020,1
4052,0
179,1
619,1
3193,1
1249,1
1269,1
3452,1
2370,0
1147,1
3707,1
1534,0
3587,0
40,0
3321,0
2277,0
2943,1
3639,0
2588,0
3455,1
2076,0
2629,1
3875,1
4364,0
43,0
5075,0
2080,0
2338,1
5044,0
5036,1
778,1
837,0
905,0
3652,0
4008,1
1566,1
5274,1
3338,0
4134,1
1938,1
1111,0
1614,1
406,1
5243,0
3595,0
1794,1
3277,1
395,0
2633,0
1290,0
1846,0
4403,0
3910,0
3471,0
795,1
1504,1
1289,1
233,1
1023,1
493,1
3116,0
1710,0
490,1
1203,1
745,0
1439,1
2098,0
1535,1
2869,0
1241,0
248,1
2089,1
2307,0
3390,1
365,0
4825,1
2783,0
2068,1
1507,1
2195,1
5152,1
2200,1
2648,1
5078,1
5271,1
3062,1
285,1
18,0
1987,0
4035,1
2665,0
2004,1
2170,1
188,1
3055,1
2824,1
4153,0
1890,0
3915,1
2362,0
1772,0
3820,0
2683,0
3768,0
3268,0
2138,0
1433,0
2856,1
1675,0
2849,1
1124,0
5213,1
2002,1
1199,1
4546,1
4376,1
4215,1
3797,0
853,1
3818,0
969,1
1784,1
3987,1
2299,1
84,0
2862,0
4651,1
294,0
4113,0
4827,0
369,0
4321,1
1674,1
2677,0
4964,1
546,1
2369,1
1192,1
3571,0
974,0
770,0
1909,1
4099,1
3953,1
3345,1
4043,0
2055,1
1827,0
4524,0
4233,1
1011,1
904,1
836,0
3082,0
4594,1
83,1
2014,0
1743,1
3744,1
2653,1
4727,1
5171,0
4640,0
2536,0
1920,0
5061,0
5074,0
1546,1
2803,1
752,1
1177,0
2637,0
3555,0
4126,1
3525,0
3644,1
3263,0
1198,1
3126,0
1959,0
1364,0
525,0
4186,0
4435,0
2001,0
2725,0
1514,1
2779,1
2623,1
5114,1
1351,1
4800,1
4596,0
1528,1
3806,1
707,0
3779,1
299,0
3081,1
1728,0
596,1
2939,1
2032,0
62,0
4464,0
3160,1
5086,1
3861,0
3465,1
973,1
4195,0
2829,0
2888,0
4987,1
1853,0
623,0
2559,0
2142,0
1892,0
1576,1
3274,1
1157,1
1612,1
2821,1
985,1
3770,0
288,0
654,1
4798,0
472,1
2180,0
5272,1
655,0
4017,0
2756,0
3453,1
2182,1
1283,1
2425,0
1041,1
1136,0
4221,1
2213,1
3989,1
665,0
411,1
3540,0
2611,1
3434,0
3472,1
3088,0
3346,1
2634,1
4988,0
4014,0
4523,0
5261,0
645,1
1402,1
3428,1
4650,1
2772,1
599,0
4079,1
1049,0
5029,0
5186,0
689,1
1187,0
3301,1
650,1
4415,1
3371,1
2145,0
3772,1
2422,0
273,0
387,0
5030,0
4312,1
440,0
2206,0
1931,1
457,0
4260,0
4192,1
338,1
5108,0
85,1
4083,0
4053,1
2540,1
4552,0
4728,1
8,1
4521,0
1426,0
429,0
4404,1
834,1
2514,1
937,1
2762,1
5208,1
2073,0
2881,1
3736,1
3554,1
471,1
3898,1
2590,0
1979,0
602,1
2450,1
3152,0
1030,0
5185,0
1495,1
1730,1
3201,0
5062,0
1170,0
633,1
3086,0
4808,1
983,0
1405,0
503,1
3183,1
3143,1
3308,0
4230,1
868,0
772,0
449,1
2194,0
771,0
26,1
3141,1
945,0
5194,0
2283,1
2351,0
3642,0
4950,1
1719,1
590,0
5016,1
878,0
3035,0
1371,1
3336,1
537,1
5211,1
1477,1
231,0
36,0
3023,1
4087,1
4710,1
3911,1
5205,0
2350,0
1117,1
2962,0
627,0
5174,1
5159,1
2358,1
4163,0
3859,0
1061,1
1297,0
390,0
3535,0
1389,0
4781,0
3981,1
2112,0
732,1
3021,1
4545,1
2963,1
4253,1
3941,0
2499,1
2549,1
466,1
2171,0
2704,0
624,0
1379,1
4112,0
4173,0
960,1
1110,1
1638,0
4750,0
4180,1
4051,1
91,1
3721,0
4938,0
1907,1
750,1
1910,1
1711,0
1696,1
1395,1
479,1
4803,1
893,1
1284,1
4202,1
2801,1
1415,1
2150,0
64,1
2419,1
1476,0
2660,1
1057,0
565,0
952,1
2728,1
5245,1
3563,1
2158,0
2063,0
2867,1
2979,0
3439,1
585,1
3362,1
4849,1
336,0
2917,1
2621,1
1513,1
315,1
2959,1
2378,0
3451,1
139,1
5024,0
1493,0
1166,0
2574,1
768,0
1905,1
5110,1
2331,0
3790,1
3946,1
86,1
2117,1
902,1
540,1
5093,1
1702,0
2230,1
3769,0
162,0
3264,1
4577,1
4747,1
4223,1
126,1
4241,1
1822,1
2706,1
2418,0
2122,1
321,0
734,0
1544,1
1785,0
3379,1
3912,1
2463,0
1682,1
2229,1
719,1
439,1
3943,1
1232,1
4000,0
3606,1
220,0
5262,1
1812,0
4648,0
1031,1
38,0
643,0
3798,1
2557,0
3564,1
1502,0
1184,1
129,1
5053,1
1683,1
1633,0
4309,0
1202,1
344,1
1099,1
326,0
3476,1
832,1
3080,1
2606,0
3719,0
4901,0
354,1
4379,1
2916,1
1209,0
2515,1
2651,0
5055,1
4819,1
4529,1
2701,1
5069,1
4123,1
3483,1
257,1
1018,1
1914,0
3109,1
2127,0
4634,1
2146,1
2480,1
3998,0
2550,1
4080,0
2589,1
574,1
2573,1
1986,1
3222,1
2199,1
9,1
2051,0
2156,0
4377,1
1740,1
823,0
3178,1
4473,0
494,0
1832,0
2092,0
551,0
1321,1
4208,0
2745,0
3413,1
1033,1
401,1
4393,1
1357,0
1239,0
476,1
4997,1
1308,0
232,0
2379,0
3674,1
3511,1
3144,0
1603,1
4310,0
1109,1
3497,1
2428,1
4074,1
2610,1
2948,0
3232,0
5135,0
3283,0
1062,1
2787,0
3939,1
4871,0
4267,0
2743,0
1952,1
1404,0
4585,1
477,1
1811,1
5199,0
3765,0
816,1
199,0
1498,0
4699,0
4315,1
524,1
1558,0
3542,0
2905,0
5170,1
2553,0
975,1
1500,1
1256,1
1539,0
5042,1
3468,0
161,1
4048,1
1310,1
3610,1
3788,0
4214,1
3731,0
4520,1
2426,0
3324,0
934,1
187,1
3185,0
4573,1
2818,1
3715,1
4618,1
4271,1
2025,1
2041,1
2999,1
2143,1
178,1
3529,0
4946,0
5066,0
3802,0
4649,0
5039,1
3834,1
2662,1
4085,0
982,1
3570,1
2938,1
5149,1
3523,1
4587,0
3785,1
1962,1
4701,0
3985,1
3776,0
2827,0
1307,0
1793,0
5123,0
3125,1
4969,1
2071,1
3754,1
1809,1
4724,1
3046,0
4226,1
3219,1
1839,0
2523,1
2537,0
5037,1
3384,1
111,0
1644,0
2035,0
4630,1
1925,0
2399,1
3098,1
224,1
5058,0
4531,1
1388,1
3145,0
4996,1
2965,1
3368,0
4579,0
4234,1
4183,0
1350,0
4540,1
2286,1
3870,0
4351,1
1713,1
5101,1
4307,1
1532,0
407,0
1123,0
1786,0
4327,1
1520,0
4431,0
3659,1
3614,0
728,0
1247,0
4501,0
4581,0
3925,0
3653,0
5026,0
1173,1
1225,1
4018,1
611,0
4688,0
3796,1
1146,1
1497,1
1936,1
3807,0
3475,1
3093,0
547,1
2924,1
4291,0
4733,1
4162,1
3354,1
2282,1
1288,0
2028,1
2966,1
1941,0
2958,1
2836,0
3692,1
4844,0
430,0
4647,1
3357,0
2767,1
2750,0
1164,1
1300,0
909,0
1876,0
2561,0
5165,0
184,0
2641,0
3139,1
1204,1
1620,1
742,0
857,1
2053,1
3049,0
705,0
438,0
4331,0
1577,1
4606,0
3191,1
3402,0
2886,0
414,0
3739,0
5050,1
2954,1
3480,0
941,1
620,0
2615,0
1016,0
1868,1
2276,0
3932,1
3255,0
4982,1
3971,0
4046,1
5022,1
3695,1
3140,0
5059,1
4207,1
2527,1
1314,0
1455,0
173,0
5161,1
279,1
236,0
3735,1
3230,1
4025,1
4953,1
3650,0
4418,1
2119,1
1380,1
3763,0
804,1
673,1
478,1
1315,0
3040,1
4909,1
4932,0
3157,1
4325,1
2309,0
305,1
364,0
1505,1
4290,1
3593,0
781,0
2435,0
820,1
4374,0
3507,0
4974,1
4796,1
4876,1
915,0
741,1
2841,0
1456,0
1127,1
1913,1
1982,1
5233,1
3868,1
4341,0
1677,0
3300,0
4308,1
3950,0
762,1
2840,1
4005,0
2774,0
4896,0
4860,1
697,1
5134,1
4503,1
1081,0
3762,0
2300,0
2620,0
2061,1
3258,1
858,0
323,0
3020,1
642,1
1660,1
3247,0
1655,0
1128,1
2601,1
4870,0
703,1
2858,1
3685,1
1757,1
432,1
3590,1
4631,0
1842,0
926,1
4678,0
2646,0
3895,0
155,1
1282,0
1836,1
883,1
2006,1
4874,1
3403,1
3557,0
4118,1
3366,0
1067,0
2389,0
2306,0
2741,0
1734,1
1845,1
2608,0
433,1
3415,0
1002,1
3488,1
3829,1
2436,0
2851,0
4828,0
4878,0
4659,1
277,0
3794,1
4557,1
51,1
4835,1
2481,1
2538,0
754,1
234,1
2746,0
4887,0
5184,0
1745,1
2387,1
2719,0
3923,1
1316,1
4536,0
4975,0
3260,1
4095,0
4787,0
5260,1
1871,1
2467,1
3688,1
181,1
3196,0
2420,1
488,1
3628,1
221,0
4848,1
3204,0
1125,1
3607,0
4558,0
5014,1
1977,1
733,1
5158,1
346,1
808,1
1076,0
1860,1
1429,0
1578,1
2544,0
3087,0
267,0
1673,0
423,1
351,1
128,1
5216,0
228,1
4683,1
2517,0
588,1
1976,1
3408,0
769,1
3724,0
789,0
3110,1
1617,1
5031,0
3207,1
343,1
2825,1
5017,1
2547,1
182,1
1656,0
2196,0
204,0
2765,1
723,0
3385,1
2009,1
4814,1
4985,1
61,0
3752,0
274,0
1370,1
2997,0
2376,0
587,1
3404,1
1747,0
4111,1
1604,0
513,1
1820,1
4775,0
3297,1
4316,0
2679,0
2791,0
76,0
2319,1
3347,1
3588,0
5132,1
1158,1
3792,1
5198,0
1691,0
1228,1
3011,0
4776,1
1934,0
2082,0
5266,1
1805,0
3961,0
3047,0
1879,1
1630,1
4793,1
3574,0
10,1
2778,1
3697,1
3722,0
1194,0
1813,0
2780,1
2760,1
4056,1
687,1
4049,1
3389,1
422,0
3841,0
4707,0
2366,0
4586,1
2460,1
4144,0
114,0
4684,0
2057,1
445,0
1385,1
207,1
4962,1
3387,1
3031,0
4752,1
5028,0
4361,1
3648,0
4240,1
1678,1
805,0
2545,1
2153,0
3365,1
2345,0
2384,1
3092,0
1496,0
2603,0
1250,0
2085,1
3380,1
2111,0
2289,1
260,1
793,1
1718,1
1917,0
4617,0
5063,1
4986,1
1242,0
4518,0
1374,1
563,1
693,1
1709,0
3022,1
692,1
2977,1
1245,1
3090,0
3643,1
3703,1
2843,1
2175,1
4562,0
5040,1
4991,1
4864,0
4039,0
2227,0
932,0
1143,1
3670,1
1340,0
462,0
3753,0
276,0
3158,1
4700,1
738,1
1205,1
4665,0
4550,0
5217,1
4030,1
5084,1
3869,1
4428,1
3474,1
2262,1
4463,1
1135,0
4148,1
149,1
2095,1
5220,1
987,0
2347,1
2375,1
2356,0
1348,0
527,1
3015,1
887,0
5179,1
4266,1
616,0
1244,0
3112,0
474,1
2568,0
145,1
2936,1
4934,1
4807,1
3720,1
3509,0
5232,0
4231,1
2190,0
3101,1
2980,0
2452,1
1369,1
1447,1
2468,1
1077,0
2005,0
1367,0
797,1
3539,0
4993,1
4592,0
1129,1
2508,0
1193,0
4089,1
3702,1
421,1
3279,1
589,1
1295,1
3575,0
1246,1
870,1
3056,1
3678,1
1097,1
1463,0
1407,1
3328,0
5119,1
1964,1
254,0
2040,0
357,1
310,0
4575,0
3883,1
1598,1
895,1
4748,0
350,0
4912,1
2191,0
3952,1
90,1
4264,1
2652,0
1211,0
4355,1
41,1
2342,0
2216,0
4354,1
1420,0
3668,1
1983,1
2137,0
1144,1
4862,0
2471,1
4719,1
4447,0
417,1
2444,1
2693,1
5001,1
2254,0
3334,0
4006,0
4227,0
2411,1
77,0
4872,1
3966,1
1406,0
514,1
3780,1
4343,1
2084,0
4004,1
2020,1
209,1
3976,1
3103,1
2256,1
485,1
4799,1
120,0
1799,1
3706,1
3873,1
1723,1
425,1
3094,1
100,0
715,1
4045,1
1574,0
4302,1
3233,0
4972,1
625,1
3027,1
2727,0
1570,1
2907,1
4632,1
1210,1
2308,1
1167,0
4845,1
4669,0
1742,0
290,0
1240,1
399,0
2842,1
46,1
1998,1
2021,1
3649,0
4042,1
4033,1
639,1
3938,1
2427,1
4627,0
243,1
3205,1
4022,0
2313,1
4805,1
3682,1
53,0
670,0
3631,1
1607,0
4818,0
5115,1
4898,1
1037,1
4296,1
4612,1
2396,0
2717,1
4519,1
2703,0
2627,0
3458,0
337,1
3618,1
373,1
386,1
1926,0
507,0
4670,0
5090,0
5126,0
1227,0
2596,0
2130,1
2794,1
4028,0
292,0
1679,1
5234,0
2951,0
1368,1
2252,1
3261,0
2188,1
3903,1
3958,0
2341,1
2854,0
809,0
2386,1
3248,1
4187,1
1545,1
1639,1
3316,1
4169,0
328,0
2797,1
1937,1
4430,0
97,0
3002,1
4743,0
4448,1
4132,1
3677,1
3146,0
4626,1
4259,0
4217,0
4897,1
3914,1
5079,1
4559,1
2287,1
3630,0
1045,1
644,1
2775,0
1427,0
4357,0
215,0
2889,1
4731,1
5242,0
811,0
1092,1
2929,0
2874,0
5197,0
1560,1
1346,0
3852,0
3018,1
1732,1
4476,1
2072,0
2602,1
2952,0
5085,1
21,0
3882,1
2598,0
4029,1
2250,1
1312,1
2159,1
3,1
5221,0
1573,1
1627,1
1721,1
4121,0
5080,0
3512,1
3137,1
5117,0
4137,1
3517,1
2992,1
3071,0
3748,1
831,1
2640,0
3708,0
4605,0
1469,0
3423,1
4679,0
112,0
1048,1
497,1
1701,1
5008,1
681,1
3163,0
1032,1
2572,1
3252,1
888,0
3136,1
1142,1
2449,0
2915,0
5064,0
1036,1
2453,0
4149,1
1237,0
1175,1
3622,0
2474,0
3211,1
5060,1
4926,0
1446,0
4939,1
1409,1
2284,0
5249,1
4653,1
4771,1
2099,0
3259,0
3406,1
3524,0
946,0
1951,0
1821,0
1981,1
3147,1
1253,0
691,1
450,0
1010,1
4720,1
2721,1
4152,0
4131,1
2064,1
1019,1
2628,0
4943,0
3272,0
4204,1
2600,0
4497,0
1132,1
1182,0
2333,0
801,0
3718,1
2799,1
1714,1
2562,0
2185,0
628,0
3498,0
1818,1
5010,0
4044,0
4702,1
5236,0
300,1
4888,1
3477,0
2416,0
4086,1
4676,0
4642,0
4269,0
3804,1
4762,1
1281,1
65,1
4958,1
4597,0
3344,1
3740,1
841,0
4970,1
108,1
3812,0
5269,1
1442,1
2008,1
1313,0
3447,0
1722,0
5202,1
2930,0
2391,0
2234,1
3394,0
2950,1
1508,1
3908,1
4236,0
2010,0
711,1
4299,0
4023,0
3134,0
1594,0
4015,0
849,1
3425,0
1847,1
1869,1
621,0
4298,0
2026,1
4238,0
3949,1
2548,0
4754,1
855,0
1652,1
1885,0
1179,1
4957,1
1874,1
3551,1
1754,1
1641,0
1292,1
3128,1
4398,0
4526,0
4643,1
1236,0
2126,0
3170,1
3173,1
4487,1
5098,1
3265,1
4928,0
4110,1
5102,1
3983,1
2819,1
2236,0
1912,1
2414,1
4353,0
885,1
1548,1
3917,1
3449,1
724,0
1108,0
1609,0
467,1
212,1
1824,0
1479,0
4949,1
1086,1
4466,1
2496,1
4446,1
318,1
427,1
251,0
2077,1
3325,1
3880,0
652,1
2978,0
157,1
4396,0
4910,1
5082,1
1878,0
3732,1
28,1
3337,0
4366,1
1394,0
4935,1
3238,1
1629,1
3285,0
4588,1
3041,1
1800,0
3549,0
2890,1
4502,1
5247,1
5191,1
3627,0
2186,0
2830,0
301,1
1883,1
2982,0
5196,1
3959,1
5045,0
978,1
5166,1
4685,1
3499,0
1356,1
127,0
392,1
1291,0
814,1
765,0
2116,1
822,0
2919,1
3245,1
986,1
4002,0
1555,0
1334,0
4061,1
2989,1
1908,0
3760,1
1886,1
3008,1
104,1
3858,1
3787,0
1195,0
3001,1
4421,1
2169,1
2486,0
1859,0
3221,1
626,1
2093,0
4737,0
341,1
4289,0
470,1
2993,0
278,1
600,1
4292,1
2018,1
2823,1
3419,1
998,1
1325,0
3097,1
927,1
4084,1
2892,0
443,1
668,1
2555,1
5032,0
1047,0
961,1
389,1
4103,0
2462,1
1155,1
3290,1
1956,1
3332,0
925,1
4582,0
1777,0
4069,0
2407,1
5124,0
4124,0
102,1
1104,0
782,0
4101,1
1452,0
1174,1
2023,1
2380,0
24,1
3376,1
1106,0
5015,0
3456,0
4130,1
335,0
1904,0
1103,0
2398,1
4616,1
2090,0
2161,0
2024,0
4082,1
1277,0
1911,1
1672,0
3686,1
4726,1
1531,1
4572,1
1993,1
1074,0
1802,1
4565,0
1756,1
4786,1
1768,1
1665,1
1542,1
2135,1
2405,1
2488,1
1735,0
1333,0
4755,0
4395,0
519,1
938,1
3734,0
4384,0
4622,1
3547,1
2383,1
481,0
2502,1
907,1
4024,0
252,0
2109,0
2920,0
2730,1
219,0
2131,1
4749,1
89,1
1009,1
2833,1
4783,1
698,0
5003,1
4105,0
353,0
3017,1
416,1
3826,1
2792,0
4362,1
5035,1
57,0
995,1
4451,0
382,1
4839,0
2654,1
342,0
3014,1
3282,1
4482,0
2406,1
1039,1
4705,1
3658,0
4528,1
2322,0
2458,1
4984,1
2101,0
3847,0
4272,0
500,0
2205,1
468,1
1260,0
171,1
4191,1
570,1
3127,1
3886,1
2241,0
5052,0
2751,1
2802,1
5153,0
4426,0
296,1
1525,1
1008,1
2439,0
3636,1
2050,1
1547,1
3096,0
2437,0
4243,1
2203,1
2957,0
264,0
1766,0
3944,0
603,1
2423,0
688,1
3984,1
1572,0
4441,1
2738,0
3441,1
1729,0
2960,1
4717,0
3411,0
2667,1
1138,0
2321,1
1102,1
3440,1
1653,0
3165,0
1796,1
1840,1
759,0
4460,1
1492,0
571,0
4525,1
4789,1
136,1
3005,0
3766,1
3816,1
760,0
4339,1
2635,0
1968,1
1071,0
3992,1
4960,1
2820,1
1090,1
367,0
5027,0
4076,1
5057,0
1580,1
1133,0
2344,0
2029,1
3469,1
249,0
4694,1
3077,1
2650,0
3105,0
4322,0
447,1
2318,1
1293,0
52,0
4959,1
908,0
3267,1
2456,0
1866,0
730,1
1661,1
1339,1
3159,1
3194,0
2367,1
2908,1
614,0
1648,0
951,0
5251,1
4680,0
3960,1
1384,1
3487,0
1694,1
123,0
2864,0
2495,0
1056,1
4222,0
4371,0
2279,0
580,0
4764,0
1637,1
4856,1
1760,0
1948,0
67,1
3916,1
4410,0
1543,1
413,1
3396,1
4304,1
685,1
2691,0
4696,1
1305,1
606,0
5219,1
424,0
3314,1
3704,1
5267,1
4535,0
1212,1
4652,1
1040,0
605,0
32,0
1838,1
2642,0
3821,0
4735,0
2769,0
47,0
2673,1
2485,0
5206,1
1554,1
4367,0
1035,0
3317,0
1082,0
1337,1
4370,0
2953,0
2412,0
1168,0
2487,0
2417,0
4937,0
3124,1
4620,0
5207,1
1645,1
5192,0
2880,1
1201,0
4218,0
2320,1
3616,0
3032,1
2265,1
1889,1
3372,0
1311,0
3553,1
2248,1
1486,0
4782,1
3118,1
2221,0
612,0
3445,1
3974,1
1703,0
339,1
307,1
860,1
753,0
4420,1
3664,0
3179,0
2565,1
4867,1
2995,1
176,0
3506,1
1113,0
4245,1
2910,0
1255,1
4883,1
1774,0
851,1
2121,1
3534,1
1361,0
1122,1
560,0
1063,0
1503,0
1501,1
400,0
2911,1
3508,1
3871,0
3822,0
1686,1
3712,0
4406,1
4057,1
213,1
4527,1
3215,1
3855,1
5067,0
2845,1
2238,0
3330,0
5265,1
3070,1
3190,1
1623,0
2914,1
3176,0
4721,1
3430,0
910,1
2937,1
757,0
5006,1
1075,1
240,1
3848,1
2607,0
331,0
3167,1
1252,0
1559,1
1156,1
1669,0
2970,1
70,0
2070,1
3745,1
211,0
3217,1
3280,1
1186,1
250,0
256,0
2988,1
4853,1
5011,1
658,0
5173,1
17,1
1375,1
906,1
2114,0
4811,0
4097,1
3377,1
1345,1
4394,0
4569,1
4203,0
4978,1
4295,0
4344,0
2714,0
3531,1
2332,0
990,0
1780,0
3621,0
4062,0
4708,1
2731,0
4604,0
819,1
1693,1
4971,1
2155,1
5235,0
5092,0
4333,0
721,1
784,0
5120,0
107,1
4979,0
4335,1
3892,1
4276,0
2663,0
5041,1
2850,1
3857,1
3079,1
4633,1
830,1
3115,1
1864,0
5163,0
2861,0
2226,1
3422,1
2316,0
4851,1
2260,1
3466,1
3951,1
3560,1
2949,0
4157,1
1808,1
710,1
4739,1
3672,0
2626,0
4422,1
3684,0
2475,1
2247,1
2034,1
712,1
4515,0
3155,1
239,1
740,0
465,1
2455,1
1137,0
522,0
3242,0
4955,0
4968,1
4555,1
1770,0
1522,1
2113,0
363,1
4804,1
1506,1
3405,1
3383,0
1750,1
2657,1
4601,1
60,1
2326,1
3400,1
5002,1
1038,1
4270,0
677,1
1093,0
2011,1
3558,1
208,0
3728,0
3060,1
5100,0
4625,0
3611,0
2705,1
3250,0
3803,0
648,0
4499,1
2257,0
3182,0
3340,1
5137,1
3407,0
4165,0
5231,1
87,0
180,1
5019,0
4671,1
4766,0
3048,0
1529,1
4882,1
1263,1
3409,1
2352,0
1285,1
1220,0
1945,0
2698,0
2315,0
3161,0
4718,1
4677,1
1470,0
5160,1
2785,0
2184,1
3085,1
1561,1
2754,1
135,0
3747,1
345,1
2664,0
720,0
3132,0
3656,0
722,0
3063,1
2964,0
2609,0
511,1
1280,0
5169,1
3375,1
4128,1
2592,1
1958,0
2926,1
4542,0
2875,0
1490,1
656,1
4358,0
3730,0
2535,1
2735,1
4615,0
4486,1
3083,1
1381,1
2546,1
881,0
3089,1
3397,1
3902,1
4695,1
1924,1
2222,0
3114,0
2162,1
4608,0
3013,1
1413,1
566,0
4258,1
636,1
2655,1
2891,1
2268,1
2570,0
785,0
3373,0
3333,1
4489,1
708,1
1059,0
2605,0
1376,1
2983,0
93,0
2647,1
3172,0
469,0
1903,0
501,1
2541,0
3856,0
1349,0
174,0
4491,0
1932,1
190,0
5193,0
103,1
96,1
4211,1
3767,1
3877,0
2225,1
2837,1
838,1
81,1
3148,1
3227,1
5072,0
976,0
4689,1
2525,1
482,0
2330,1
3698,0
1863,0
3202,1
1783,1
2466,0
5225,0
3977,1
3647,1
1481,1
4788,0
2511,0
1169,1
4294,0
2682,0
1344,1
4281,1
2991,0
1626,1
4055,1
4826,0
1991,0
4065,1
1651,0
4116,0
1795,1
2859,0
4516,0
950,0
3615,0
3004,1
4493,0
2408,0
1621,1
268,1
3150,1
1646,0
4011,1
2680,1
3749,0
2498,1
3893,0
1363,1
2873,1
3123,0
4387,1
2776,1
3111,0
515,1
4391,0
4980,1
131,0
790,1
1079,1
3339,0
1029,1
947,1
4922,0
2834,0
4504,0
4088,1
4725,1
4168,0
4181,1
4823,0
4834,0
526,1
2773,0
4675,1
5007,0
2432,1
2148,1
1518,0
640,0
4973,1
235,1
4467,0
1568,0
1185,1
3459,1
512,0
4457,1
2233,0
4094,1
1475,0
686,0
1214,0
1425,1
2207,0
2045,0
783,1
2539,0
807,0
901,1
3901,1
3729,0
3369,1
4492,1
993,0
4691,0
953,0
1587,1
1134,0
5038,0
800,1
2711,0
434,0
4154,0
865,0
2796,0
3999,0
1971,1
1826,1
3700,1
4273,0
3922,1
164,1
3942,1
3435,1
4314,1
4746,0
1935,1
4433,0
2853,1
4454,1
3572,1
237,1
604,1
558,0
2052,1
3579,0
4007,1
1763,0
3598,0
4790,1
2726,0
1197,1
73,1
7,1
3733,0
2385,1
2852,1
3218,1
2434,0
4122,0
4027,1
2132,1
922,1
5240,0
1273,0
659,1
59,1
1365,0
2519,0
1610,1
4334,0
2894,0
4297,0
2708,1
4262,1
3825,1
583,1
4091,1
5148,0
4176,1
747,0
4745,1
786,0
1408,0
1480,1
3761,1
618,0
1472,0
118,1
3356,1
3810,1
119,1
3299,0
2935,0
4999,0
122,0
1725,0
569,0
4037,0
3864,0
1699,1
4417,1
2469,0
1309,1
4792,0
1953,0
198,1
2529,0
3819,1
2668,1
4576,0
2136,0
3370,1
3918,0
980,1
4736,0
4714,1
4399,1
372,0
2311,0
1152,1
2533,1
185,1
270,1
2043,0
2174,1
4287,0
615,1
1215,0
3580,1
1844,0
1088,1
1695,1
3612,0
4224,1
2501,0
2066,1
1391,1
1422,1
1221,1
3169,0
5224,1
3518,1
1222,0
1072,0
3489,1
5138,1
4285,1
944,1
2742,0
3835,0
2167,0
2253,1
755,1
370,0
183,0
2912,1
1412,1
557,0
3412,1
3613,1
2327,1
2482,1
4667,0
3058,1
894,1
1524,0
2493,0
377,1
473,1
4413,0
2554,1
95,1
1687,0
383,1
426,1
4942,0
1684,1
970,1
718,1
3538,0
50,1
2433,1
4810,0
4772,1
4530,1
4836,0
4657,0
284,1
1231,0
3599,0
408,1
442,0
101,1
2594,1
5164,1
876,0
2931,0
1438,1
931,1
3585,0
0,1
4170,0
4320,0
4629,0
1873,1
964,0
303,1
948,0
903,0
4637,0
242,1
2441,1
954,0
2261,1
2007,0
4419,1
4865,0
1200,1
2280,1
3520,0
4692,0
1775,0
3757,0
4311,0
1965,1
2079,0
4380,1
4401,1
5188,1
409,0
4239,0
2649,0
1423,1
2972,1
245,1
5083,1
3694,1
1676,1
940,1
356,0
4817,0
4994,0
2302,1
4541,1
4485,0
80,0
4382,0
3231,0
5150,0
1279,1
2115,0
1516,0
1191,0
3192,0
2401,0
5144,0
1650,0
3335,1
3235,0
4920,0
1069,0
1462,1
1020,1
646,0
4075,0
810,0
4854,0
3725,0
1219,0
4177,1
5238,1
2054,0
2152,0
4275,0
3687,0
358,1
2566,1
4193,1
2885,0
3842,1
1233,1
4821,1
1443,0
4098,0
955,1
3414,0
3891,1
475,1
4363,0
923,1
516,0
4611,1
295,0
2483,1
2659,1
609,0
2903,1
1685,1
593,1
1235,0
1105,0
568,0
437,1
2103,1
3420,1
115,1
5012,0
2757,1
2786,1
2187,1
4257,1
4822,1
1208,1
2223,1
3543,0
1130,0
4712,0
2723,0
1467,0
4947,1
3113,0
2235,0
4903,1
3827,0
415,0
5162,1
4687,0
5109,0
1000,0
4619,1
2729,1
3996,0
2612,1
3206,1
1266,0
121,1
5215,1
1806,0
4178,0
2310,0
597,1
1226,1
3073,1
1378,1
4662,1
3304,1
3986,0
4244,1
3050,1
1229,0
2059,0
1303,0
3982,1
2812,0
3836,1
327,1
